"\"Multipart/Related;boundary=__MIME_boundary20170221_160304_12414__;type=\"\"application/xop+xml\"\";start=\"\"<soap@soap>\"\";start-in\"",xml
application/javascript,javascript
text/htmlapplication/json,text
image/png; charset=ISO-8859-1,image
"\"text/html; charset=\"\"iso-8859-1\"\"\"",text
text/html; charset=Utf-8,html
application/json; charset=UTF-8application/json,json
"\"Multipart/Related;boundary=__MIME_boundary20170221_161409_14586__;type=\"\"application/xop+xml\"\";start=\"\"<soap@soap>\"\";start-in\"",xml
text/html; charset=UTF-8; encoding=UTF8,html
image/x-icon;charset=UTF-8,image
text/html;editor=visual; charset=utf-8,text
application/octet-streamtext/xml,text
text/javascript charset=utf-8,text
text/html; charset=utf-8,html
application/json; encoding=utf-8,json
"\"Multipart/Related;boundary=__MIME_boundary20170221_164804_21231__;type=\"\"application/xop+xml\"\";start=\"\"<soap@soap>\"\";start-in\"",xml
application/x-javascript; Charset=utf-8,javascript
text/css;;charset=UTF-8,text
text/html;charset=WINDOWS-1252,html
text/html; charset=gb2312,text
text/html; charset: UTF-8; charset=UTF-8,text
text/html; charset=iso8859-1,html
video/mpeg,video
application/json; charset=utf-8;,json
application/octet-streamapplication/json;charset=utf-8,json
"\"Multipart/Related;boundary=__MIME_boundary20170221_165047_21764__;type=\"\"application/xop+xml\"\";start=\"\"<soap@soap>\"\";start-in\"",xml
application/atom+xml;charset=UTF-8;type=feed,xml
text/calendar; method=PUBLISH; charset=US-ASCII,text
text/html;charset=UTF-8,text
text/html; charset=UTF-8; encoding=UTF-8,html
application/xml;charset=UTF-8,xml
application/x-javascript;,javascript
image/png; charset=utf8,image
text/json charset=utf-8,text
text/cache-manifest; charset=utf-8,text
text/html; charset=WINDOWS-1251,text
text/html; charset=ISO-8859,html
image/gif; name=6a_2.gif,image
video/mpeg4,video
text/css;charset=ISO-8859-1,text
"\"text/vcard; profile=\"\"vcard\"\"; charset=\"\"utf-8\"\"\"",text
text/javascript; charset=iso-8859-1,text
"\"text/html;charset=\"\"utf-8\"\"\"",text
"\"Multipart/Related;boundary=__MIME_boundary20170221_161041_13907__;type=\"\"application/xop+xml\"\";start=\"\"<soap@soap>\"\";start-in\"",xml
"\"text/css; charset=\"\"utf-8\"\"\"",text
text/html; charset=sjis,html
image/giftext/html; charset=utf-8,html
image/jpeg; name=berkshirehathaway_300x250_170216.jpg,image
image/jpeg; authoritative=true;,image
text/html; charset=windows-1256,text
text/html;charset=ISO_8859-1,html
"\"Multipart/Related;boundary=__MIME_boundary20170221_160846_13531__;type=\"\"application/xop+xml\"\";start=\"\"<soap@soap>\"\";start-in\"",xml
"\"Multipart/Related;boundary=__MIME_boundary20170221_164047_19804__;type=\"\"application/xop+xml\"\";start=\"\"<soap@soap>\"\";start-in\"",xml
application/pls+xml,xml
text/htmlapplication/javascript,javascript
text,text
text/cross-domain-policy,text
text/json;charset=UTF-8application/json,text
text/html; charset=iso-8859-9,text
video/webm,video
application/javascript; Charset=windows-1252,javascript
text/css;charset=UTF-8,text
image/svg+xml;charset=utf-8,image
"\"text/html;charset=\"\"utf-8\"\"\"",html
image/pjpeg;charset=UTF-8,image
"\"text/html; charset=\"\"iso8859-1\"\"\"",html
application/octet-stream; Charset=UTF-8,octet-stream
application/xml;charset=ISO-8859-1,xml
image/com/BJa2yQgPLL2nU6pl2X1ns6Olf2aC3E1TgUIpOBz-IacIPW_smC5l-tpqt-fvEC_CMBw=w300,image
application/json; Charset=utf-8,json
"\"Multipart/Related;boundary=__MIME_boundary20170221_162607_16931__;type=\"\"application/xop+xml\"\";start=\"\"<soap@soap>\"\";start-in\"",xml
text/css; charset=utf-8; valid=no;,text
text/html;charset=utf8,html
text/html; charset=GBK,html
video/f4f,video
text/css; charset=Windows-1252,text
text/html; charset=UTF-8; encoding=UTF-8,text
application/javascript; charset=ISO-8859-1,javascript
image/jpeg; name=moxie_300x250_170216.jpg,image
text/html; charset=US-ASCII,html
"\"Multipart/Related;boundary=__MIME_boundary20170221_161814_15386__;type=\"\"application/xop+xml\"\";start=\"\"<soap@soap>\"\";start-in\"",xml
"\"Multipart/Related;boundary=__MIME_boundary20170221_160532_12898__;type=\"\"application/xop+xml\"\";start=\"\"<soap@soap>\"\";start-in\"",xml
text/css; charset: utf-8,text
text/event-stream;charset=utf-8,text
application/octet-streamapplication/json;charset=UTF-8,octet-stream
application/javascript+jsonp,javascript
"application/javascript, */*;q=0.8",javascript
application/text/plain; charset=UTF-8,text
text/css; charset: UTF-8;charset=utf-8,text
text/html;charset=ISO-8859-1,html
text/html;charset=utf8,text
text/html; charset=shift_jis,html
text/html,html
"\"multipart/related; type=\"\"application/xop+xml\"\";start=\"\"<http://tempuri.org/0>\"\";boundary=\"\"uuid:176e9f54-dbba-406b-abfc-25cb\"",xml
"\"Multipart/Related;boundary=__MIME_boundary20170221_163506_18691__;type=\"\"application/xop+xml\"\";start=\"\"<soap@soap>\"\";start-in\"",xml
"\"multipart/related; type=\"\"application/xop+xml\"\";start=\"\"<http://tempuri.org/0>\"\";boundary=\"\"uuid:3b652ac6-4066-4bf0-90f3-5efa\"",xml
application/x-javascript;charset=GB2312,javascript
text/html;charset=utf-8;,html
"\"Multipart/Related;boundary=__MIME_boundary20170221_161127_14057__;type=\"\"application/xop+xml\"\";start=\"\"<soap@soap>\"\";start-in\"",xml
"\"Multipart/Related;boundary=__MIME_boundary20170221_165123_21881__;type=\"\"application/xop+xml\"\";start=\"\"<soap@soap>\"\";start-in\"",xml
"\"Multipart/Related;boundary=__MIME_boundary20170221_162850_17463__;type=\"\"application/xop+xml\"\";start=\"\"<soap@soap>\"\";start-in\"",xml
application/octet-streamtext/xml,xml
text/json;charset=utf-8,text
text/calendar; name=icalendar.ics,text
text/htmltext/htmltext/html,text
image/jpeg; name=browndog.jpg,image
image/gif; charset=EUC-KR,image
video/x-m4v,video
application/vnd.api.v3+json; charset=utf-8,json
"\"Multipart/Related;boundary=__MIME_boundary20170221_164315_20288__;type=\"\"application/xop+xml\"\";start=\"\"<soap@soap>\"\";start-in\"",xml
text/htmlapplication/json,html
video/mp4; charset=binary,video
video/x-ms-asf,video
image/jpeg; charset=utf-8,image
image/vnd.wap.wbmp,image
text/plain; charset=big5,text
text/calendar;charset=utf-8,text
text/html; charset=iso-8859-15,text
image/jpeg; name=electricsheep_300x250_170119.jpg,image
image/hevc,image
text/xml;charset=ISO-8859-1,text
text/html;charset=Shift_JIS,html
"\"Multipart/Related;boundary=__MIME_boundary20170221_163345_18426__;type=\"\"application/xop+xml\"\";start=\"\"<soap@soap>\"\";start-in\"",xml
"\"Multipart/Related;boundary=__MIME_boundary20170221_163628_18959__;type=\"\"application/xop+xml\"\";start=\"\"<soap@soap>\"\";start-in\"",xml
application/xhtml+xml; charset=utf-8,xml
application/javascript; charset=gbk,javascript
image/gif; charset=utf8,image
text/css; ISO-8859-1,text
text/html;charset=US-ASCII,text
"\"multipart/related; type=\"\"application/xop+xml\"\";start=\"\"<http://tempuri.org/0>\"\";boundary=\"\"uuid:899558f0-a3f7-49f0-aeee-194c\"",xml
"\"Multipart/Related;boundary=__MIME_boundary20170221_162552_16882__;type=\"\"application/xop+xml\"\";start=\"\"<soap@soap>\"\";start-in\"",xml
application/x-javascript; charset=UTF-8,javascript
application/x-javascript; charset=ISO-8859-1,javascript
text/plain; charset=Windows-1252,text
text/html; encoding=utf-8;charset=utf-8,html
application/x-javascript;charset=UTF-8,javascript
text/plain; charset=gb2312,text
text/x-json; charset=utf-8,text
text/html;charset=euc-kr,text
image/GIF; Charset=ISO-8859-1,image
text/css; charset=UTF-8,text
image/text,image
text/css; charset: UTF-8;charset=UTF-8,text
text/xml; charset=US-ASCII,text
application/manifest+json; charset=utf-8,json
application/x-javascript; charset=us-ascii,javascript
text/html;charset=UTF-8; Charset=utf-8,text
text/html;Charset=utf-8,text
text/html; encoding=UTF8;charset=UTF-8,html
text/plain; charset=EUC-KR,text
text/html; charset:utf-8,text
text/json;charset=ISO-8859-1,text
"video/webm, WEBM, webm",video
text/html;charset=UTF8,text
application:json,json
"\"Multipart/Related;boundary=__MIME_boundary20170221_160040_11944__;type=\"\"application/xop+xml\"\";start=\"\"<soap@soap>\"\";start-in\"",xml
application/xml; charset=utf-8,xml
"\"Multipart/Related;boundary=__MIME_boundary20170221_164506_20650__;type=\"\"application/xop+xml\"\";start=\"\"<soap@soap>\"\";start-in\"",xml
text/html; charset=latin1,text
text/plain;charset=EUC-KR,text
"\"Multipart/Related;boundary=__MIME_boundary20170221_163521_18740__;type=\"\"application/xop+xml\"\";start=\"\"<soap@soap>\"\";start-in\"",xml
image/g,image
application/json;charset=iso-8859-1,json
"\"Multipart/Related;boundary=__MIME_boundary20170221_160410_12630__;type=\"\"application/xop+xml\"\";start=\"\"<soap@soap>\"\";start-in\"",xml
application/xhtml+xml;charset=UTF-8,xml
application/vnd.ogc.se_xml;charset=UTF-8,xml
application/javascript; charset=GBK,javascript
"\"text/html; charset=\"\"iso8859-1\"\"\"",text
"image/*, image/gif",image
text/vnd.flyordie.jz,text
text/html;; charset=ISO-8859-1,text
text/html; utf-8; charset=utf-8,text
"text/xml, charset=utf-8",text
text/javascript,text
application/json; version=1.0.0,json
"\"Multipart/Related;boundary=__MIME_boundary20170221_160816_13433__;type=\"\"application/xop+xml\"\";start=\"\"<soap@soap>\"\";start-in\"",xml
"\"Multipart/Related;boundary=__MIME_boundary20170221_164345_20386__;type=\"\"application/xop+xml\"\";start=\"\"<soap@soap>\"\";start-in\"",xml
image/png;charset=ISO-8859-1,image
text/html; utf-8=;charset=UTF-8,html
plain/text,text
text/html; charset=UTF-8text/html,text
multipart/x-mixed-replace;boundary=video boundary--,video
image/pjpeg;charset=utf-8,image
text; charset=utf-8,text
"\"Multipart/Related;boundary=__MIME_boundary20170221_162905_17512__;type=\"\"application/xop+xml\"\";start=\"\"<soap@soap>\"\";start-in\"",xml
application/text/xml,xml
"\"multipart/related; type=\"\"application/xop+xml\"\";start=\"\"<http://tempuri.org/0>\"\";boundary=\"\"uuid:176e9f54-dbba-406b-abfc-25cb\"",multipart
application/x-javascript; charset=GBK,javascript
text/event-stream;charset=UTF-8,text
application/vnd.ms-sync.wbxml,xml
"\"Multipart/Related;boundary=__MIME_boundary20170221_161112_14008__;type=\"\"application/xop+xml\"\";start=\"\"<soap@soap>\"\";start-in\"",xml
Content-Type: image/gif,image
image/pngimage/png,image
text/html; Charset=UTF-8;charset=UTF-8,html
text/javascript; charset=gbk,text
application/json; Charset=UTF-8,json
application/octet-streamtext/plain;charset=utf-8,octet-stream
application/octet-stream; charset=utf-8,octet-stream
text/html; charset=ISO-8859-1',text
video/ogg,video
application/json; encoding=UTF8;charset=UTF-8,json
application/octet-streamtext/html; charset=utf-8,octet-stream
"text/html,application/xhtml+xml,application/xml;q=0.9,*/*;q=0.8",xml
application/javascript; charset=utf-16,javascript
text/html; charset=UTF8,html
text/plain; charset=utf-8; charset=utf-8,text
text/html;charset=GBK,html
"\"Multipart/Related;boundary=__MIME_boundary20170221_160547_12947__;type=\"\"application/xop+xml\"\";start=\"\"<soap@soap>\"\";start-in\"",xml
image/gif; charset=,image
text;charset=ISO-8859-1,text
text/css; charset= UTF-8,text
image/gif; name=1a.gif,image
application/pdf; charset=ISO-8859-1,pdf
application/octet-stream;charset=ISO-8859-1,octet-stream
application/soap+xml,xml
text/html; charset=cp1251,text
image/jpeg; charset=UTF-8,image
text/html;cha,html
image/icon,image
text/html;,text
text/html; charset=GB2312,html
video/unknown,video
"application/zip, application/octet-stream",octet-stream
application/octet-stream;charset=utf-8,octet-stream
"\"Multipart/Related;boundary=__MIME_boundary20170221_165931_23475__;type=\"\"application/xop+xml\"\";start=\"\"<soap@soap>\"\";start-in\"",xml
image/ico,image
image/jpeg; name=andrea_suazo_300x50_170126.jpg,image
image/svg+xml,image
"\"Multipart/Related;boundary=__MIME_boundary20170221_160425_12679__;type=\"\"application/xop+xml\"\";start=\"\"<soap@soap>\"\";start-in\"",xml
application/rss+xml; qs=0.8,xml
application/atom+xml;charset=utf-8,xml
image/jpeg;charset=UTF-8,image
image/jpeg; name=phoenixmechanical_300x50.jpg,image
application/json; charset=gbk,json
application/vnd.sequoia+json;charset=UTF-8,json
"\"Multipart/Related;boundary=__MIME_boundary20170221_163536_18789__;type=\"\"application/xop+xml\"\";start=\"\"<soap@soap>\"\";start-in\"",xml
"application/javascript,application/x-javascript,text/javascript",javascript
image/jpeg; name=tmc_300x50_170216.jpg,image
image/jpp,image
text/plain; charset=UTF-8text/plain,text
application/json; charset=UTF-8; encoding=UTF8,json
application/octet-stream,octet-stream
"\"Multipart/Related;boundary=__MIME_boundary20170221_164436_20552__;type=\"\"application/xop+xml\"\";start=\"\"<soap@soap>\"\";start-in\"",xml
application/xml+phl,xml
text/html;charset=gb2312,text
image/jp2,image
text/html; charset=GB18030,html
text/html; charset=UTF-8,html
text/xml;charset=shift_jis,text
text/plain charset=UTF-8,text
application/octet-streamapplication/json,json
application/javascript;,javascript
text/html; Charset=windows-1252,text
text/html; charset=SJIS,html
"\"Multipart/Related;boundary=__MIME_boundary20170221_161652_15118__;type=\"\"application/xop+xml\"\";start=\"\"<soap@soap>\"\";start-in\"",xml
text/vtt;charset=UTF-8,text
text/plain; charset=ks_c_5601-1987,text
text/html; charset=euckr,html
image/gif; name=wm.gif,image
"application/json, charset=UTF-8",json
"\"Multipart/Related;boundary=__MIME_boundary20170221_165421_22463__;type=\"\"application/xop+xml\"\";start=\"\"<soap@soap>\"\";start-in\"",xml
image/*,image
image/jpeg; name=aguadetaos_300x250_2.jpg,image
"\"application/vnd.dsc; embed=\"\"pages.modules.members\"\"; format=\"\"application/json\"\"; schema=\"\"contents/1\"\"\"",json
image/com/fKy_erzZO2hIzerxcvTX1DAY0CAC47QE8VOfzCac4ld-ovT2l6LwDotmbnhGGiIXaUc=w300,image
text/json; charset=UTF-8,text
image/png;charset=utf-8,image
text/html;editor=visual; charset=utf-8,html
image/sharpp,image
json/application,json
application/octet-streamimage/png,octet-stream
application/dash+xml,xml
image/vnd.ms-photo,image
text/xml; charset=utf-8,text
text/plain,text
application/octet-streamtext/plain charset=UTF-8,octet-stream
"\"Multipart/Related;boundary=__MIME_boundary20170221_163239_18211__;type=\"\"application/xop+xml\"\";start=\"\"<soap@soap>\"\";start-in\"",xml
image/JPEG; charset=ISO-8859-1,image
image/gi,image
text/html;Charset=utf-8,html
image/gif; charset=UTF-8,image
text/esi,text
text/json;charset=utf8,text
video/quicktime,video
text/css; charset=utf-8,text
text/html charset=utf-8,html
image/jpeg; name=02.2017-jstor_homepage_daily_950x332.jpg,image
text/x-js,text
text/html;charset=GB18030,html
text/html charset=utf-8,text
text/html; charset=euckr,text
video/mp4,video
application/json;charset=utf-8,json
application/jsonapplication/x-www-form-urlencoded; charset=UTF-8,json
text/htmlapplication/javascript,html
application/x+javascript,javascript
"\"application/x-javascript;charset=utf-8application/x-javascript;charset=\"\"utf-8\"\"\"",javascript
image/vnd.ms-dds,image
text/html;charset=Windows-1250,html
image/GIF; Charset=windows-1252,image
image/jpegtext/html; charset=UTF-8,html
text/javascript; charser=utf-8,text
text/html; charset=UTF-7,html
text / plain,text
application/text,text
text/xml; utf-8;charset=UTF-8,text
text/htmltext/html,text
text/htmltext/html;charset=utf8,html
application/xml; charset=UTF-8;,xml
"\"Multipart/Related;boundary=__MIME_boundary20170221_162537_16833__;type=\"\"application/xop+xml\"\";start=\"\"<soap@soap>\"\";start-in\"",xml
text/plain;charset=utf-8,text
text/html; charset=ISO8859-1,html
text/html; charset=windows-1251,text
text/html; charset=EUC_KR,text
application/x-www-form-urlencodedapplication/json; charset=utf-8,json
"\"Multipart/Related;boundary=__MIME_boundary20170221_163956_19638__;type=\"\"application/xop+xml\"\";start=\"\"<soap@soap>\"\";start-in\"",xml
text/html; ISO-8859-2; charset=ISO-8859-2,text
image/jpeg; name=728x90.jpg,image
text/xml,text
text/css;encoding=UTF-8,text
video/x-motion-jpeg,video
"\"Multipart/Related;boundary=__MIME_boundary20170221_161057_13959__;type=\"\"application/xop+xml\"\";start=\"\"<soap@soap>\"\";start-in\"",xml
"text/html,application/xhtml+xml,application/xml;q=0.9,image/webp,*/*;q=0.8",text
text/html; Charset=UTF-8,text
text/html ; charset=UTF-8,text
text/javascript; charset: UTF-8,text
text/js; charset: UTF-8,text
text/javascript; charset: UTF-8;charset=UTF-8,text
"\"text/calendar; charset=\"\"utf-8\"\"; name=\"\"export.ics\"\"\"",text
text/xml; charset=utf-16LE,text
"\"Multipart/Related;boundary=__MIME_boundary20170221_160708_13211__;type=\"\"application/xop+xml\"\";start=\"\"<soap@soap>\"\";start-in\"",xml
application/bellshare-xmlrpc-binary,xml
application/multipart-formdata,multipart
image/jpeg,image
image/gif; name=4a_2.gif,image
"\"text/html; charset=\"\"utf-8\"\"\"",html
image/com/upload/KTIS9xlR65veQkbnYaO6,image
text/plain; charset=US-ASCII,text
text/html; charset=iso-8859-1,text
"\"Multipart/Related;boundary=__MIME_boundary20170221_165314_22244__;type=\"\"application/xop+xml\"\";start=\"\"<soap@soap>\"\";start-in\"",xml
"\"Multipart/Related;boundary=__MIME_boundary20170221_164400_20435__;type=\"\"application/xop+xml\"\";start=\"\"<soap@soap>\"\";start-in\"",xml
application/x-javascript; charset=Windows-1251,javascript
image/png; charset=UTF-8,image
text/x-cross-domain-policy;charset=utf-8,text
video/mp2t,video
video/abst,video
image/tmw-max,image
application/octet-stream;charset=UTF-8,octet-stream
"\"Multipart/Related;boundary=__MIME_boundary20170221_164612_20866__;type=\"\"application/xop+xml\"\";start=\"\"<soap@soap>\"\";start-in\"",xml
application/javascript; charset=utf-8application/javascript,javascript
text/html; charset=ISO-8859-15,text
text/html; charset=utf8-8,html
application/v1.3+xml;charset=UTF-8,xml
"\"Multipart/Related;boundary=__MIME_boundary20170221_160952_13747__;type=\"\"application/xop+xml\"\";start=\"\"<soap@soap>\"\";start-in\"",xml
text/css; Charset=utf-8,text
application/rss+xml;,xml
text/html; charset=gb2312,text
image/gif; Charset=utf-8,image
application/x-msl+json;charset=UTF-8,json
"\"Multipart/Related;boundary=__MIME_boundary20170221_161743_15285__;type=\"\"application/xop+xml\"\";start=\"\"<soap@soap>\"\";start-in\"",xml
text/html; charset=utf-8application/json; charset=utf-8,html
image/gif; charset=windows-1251,image
text/plain;,text
text/json; charset=ISO-8859-1,text
text/html; charset=euc-jp,html
text/css;charset=iso-8859-1,text
text/css; charset=ascii,text
application/rss+xml,xml
"\"Multipart/Related;boundary=__MIME_boundary20170221_164840_21349__;type=\"\"application/xop+xml\"\";start=\"\"<soap@soap>\"\";start-in\"",xml
"\"Multipart/Related;boundary=__MIME_boundary20170221_163026_17776__;type=\"\"application/xop+xml\"\";start=\"\"<soap@soap>\"\";start-in\"",xml
text/plain; charset=windows-1252,text
text/html; charset=cp1251,html
text/Calendar,text
image/jpeg; name=tcf_300x250_170216.jpg,image
text/plain;charset=us-ascii,text
text/calendar; charset=utf-8,text
application/json+oembed; charset=utf-8,json
application/hal+json;charset=utf-8,json
application/octet-streamapplication/json;charset=utf-8,octet-stream
application/x-apple-diskimage,image
image/png;charset=UTF-8,image
text/vnd.wap.wml,text
"\"Multipart/Related;boundary=__MIME_boundary20170221_163430_18573__;type=\"\"application/xop+xml\"\";start=\"\"<soap@soap>\"\";start-in\"",xml
application/octet-streamapplication/x-javascript,javascript
text/html; charset: iso-8859-1; charset=utf-8,text
text/html; Charset=euc-kr,text
text/octet,text
application/octet-streamimage/png,image
application/json; charset: utf-8,json
application/pdf,pdf
"\"Multipart/Related;boundary=__MIME_boundary20170221_165855_23357__;type=\"\"application/xop+xml\"\";start=\"\"<soap@soap>\"\";start-in\"",xml
"\"Multipart/Related;boundary=__MIME_boundary20170221_161233_14273__;type=\"\"application/xop+xml\"\";start=\"\"<soap@soap>\"\";start-in\"",xml
application/opensearchdescription+xml; charset=utf-8,xml
application/x-javascriptapplication/javascript; charset=utf-8,javascript
text/plain; Charset=UTF-8,text
text/json; charset=utf-8,text
text/javascript; charset=EUC-KR,text
text/html; charset=GBK,text
text/htmltext/plain,text
image; charset=utf-8,image
image/jpeg; name=jan-2016_jpass-ad-1b.jpg,image
jpeg;charset=ISO-8859-1,image
text/html; charset=EUC-JP,text
application/json; odata=verbose;charset=utf-8,json
text/html; charset=utf-8application/json; charset=utf-8,json
"\"Multipart/Related;boundary=__MIME_boundary20170221_165436_22512__;type=\"\"application/xop+xml\"\";start=\"\"<soap@soap>\"\";start-in\"",xml
image/svg+xml; charset=UTF-8,image
image/vnd.microsoft.icon; charset=UTF-8,image
"text/html, application/xhtml+xml, */*",text
text/XML,text
application/x-json,json
image\jpeg,image
image/gif; ISO-8859-1,image
image/gif; name=zei_6759_16_gavia_hunt_728x90_animated.gif,image
text/JS; charset=utf-8,text
text/html; charset: UTF-8;charset=UTF-8,html
text/html; encoding=UTF8;charset=UTF-8,text
"\"Multipart/Related;boundary=__MIME_boundary20170221_160158_12199__;type=\"\"application/xop+xml\"\";start=\"\"<soap@soap>\"\";start-in\"",xml
text/javascript; ISO-8859-1,text
image/webp; charset=UTF-8,image
text/html; CHARSET=utf-8,text
image/jpeg; name=kcenergy_300x250_170216.jpg,image
text/html; charset=UTF-8; encoding=UTF8,text
text/html; charset=UTF-8,text
text/x-json;charset=UTF-8,text
image/png; charset=iso-8859-1,image
json/application; charset=utf-8,json
application/xhtml+xml,xml
application/octet-streamtext/html; charset=utf-8,text
image/jpeg; name=taosalehouse_rect_170202.jpg,image
text/javascript; charset=utf-8; authoritative=true;,text
"text/html,application/xhtml+xml,application/xml;q=0.9,image/webp,*/*;q=0.8",html
text/html; Charset=utf-8,html
application/json;charset=UTF-8;,json
Content-type: application/octet-stream;charset=euc-kr,octet-stream
"\"Multipart/Related;boundary=__MIME_boundary20170221_165810_23210__;type=\"\"application/xop+xml\"\";start=\"\"<soap@soap>\"\";start-in\"",xml
text/html; charset=WINDOWS-1251,html
text/html;charset=UTF-8; Charset=utf-8,html
"\"Multipart/Related;boundary=__MIME_boundary20170221_162956_17679__;type=\"\"application/xop+xml\"\";start=\"\"<soap@soap>\"\";start-in\"",xml
"\"application/javascript; charset=\"\"UTF-8\"\"\"",javascript
application/octet-streamtext/html; charset=utf-8,html
application/octet-streamtext/plain,octet-stream
"\"Multipart/Related;boundary=__MIME_boundary20170221_163658_19057__;type=\"\"application/xop+xml\"\";start=\"\"<soap@soap>\"\";start-in\"",xml
"\"Multipart/Related;boundary=__MIME_boundary20170221_163254_18260__;type=\"\"application/xop+xml\"\";start=\"\"<soap@soap>\"\";start-in\"",xml
"\"Multipart/Related;boundary=__MIME_boundary20170221_164032_19755__;type=\"\"application/xop+xml\"\";start=\"\"<soap@soap>\"\";start-in\"",xml
"\"text/html; charset=\"\"utf-8\"\"\"",text
text/html;charset=Windows-31J,html
text/wpl2,text
text/html; charset=UTF8,text
video/wvm,video
"\"text/css; charset=\"\"UTF-8\"\"\"",text
image/png;,image
application/octet-streamapplication/json,octet-stream
application/octet-stream; charset=x-user-defined,octet-stream
"\"Multipart/Related;boundary=__MIME_boundary20170221_163224_18162__;type=\"\"application/xop+xml\"\";start=\"\"<soap@soap>\"\";start-in\"",xml
img/png,image
text/json; charset=iso-8859-1,text
image/jpeg; name=taosinn_300x250_170126.jpg,image
text/css;;charset=utf-8,text
"\"Multipart/Related;boundary=__MIME_boundary20170221_162713_17146__;type=\"\"application/xop+xml\"\";start=\"\"<soap@soap>\"\";start-in\"",xml
text/xml; charset=windows-1252,text
text/html;charset=US-ASCII,html
application/json; charset=US-ASCII,json
"\"Multipart/Related;boundary=__MIME_boundary20170221_165153_21979__;type=\"\"application/xop+xml\"\";start=\"\"<soap@soap>\"\";start-in\"",xml
image/raw,image
image/jpeg; name=holycross_300x250_170209.jpg,image
image/tiff,image
application/octet-streamtext/html; charset=ISO-8859-1,octet-stream
application/ttaf+xml,xml
"\"Multipart/Related;boundary=__MIME_boundary20170221_165649_22946__;type=\"\"application/xop+xml\"\";start=\"\"<soap@soap>\"\";start-in\"",xml
text/html; Charset=iso-8859-1,text
application/hal+json; charset=UTF-8,json
"application/octet-stream,application/octet-stream",octet-stream
"\"Multipart/Related;boundary=__MIME_boundary20170221_161339_14488__;type=\"\"application/xop+xml\"\";start=\"\"<soap@soap>\"\";start-in\"",xml
text/rtf,text
text/html; Charset=ISO-8859-1,text
image/jpeg;charset=iso-8859-1,image
text/htmltext/plaintext/plaintext/plaintext/plain,html
application/json; charset=UTF-8,json
"\"Multipart/Related;boundary=__MIME_boundary20170221_162041_15866__;type=\"\"application/xop+xml\"\";start=\"\"<soap@soap>\"\";start-in\"",xml
"\"multipart/related; type=\"\"application/xop+xml\"\";start=\"\"<http://tempuri.org/0>\"\";boundary=\"\"uuid:374455a9-9313-4d95-b56f-9c21\"",xml
"\"Multipart/Related;boundary=__MIME_boundary20170221_162430_16614__;type=\"\"application/xop+xml\"\";start=\"\"<soap@soap>\"\";start-in\"",xml
text/html; charset=SJIS,text
application/xhtml+xml;charset=UTF-8,html
text/html;charset=UTF-8text/html; Charset=UTF-8,html
image/gif,image
text/html; charset=ISO8859-1,text
text/xml;  charset=utf-8,text
application/json; charset=iso-8859-1,json
"\"Multipart/Related;boundary=__MIME_boundary20170221_165208_22028__;type=\"\"application/xop+xml\"\";start=\"\"<soap@soap>\"\";start-in\"",xml
"application/javascript,application/x-javascript,text/javascript",text
text/html; charset=utf8,text
"\"image/svg+xml; charset=\"\"UTF-8\"\"\"",image
application/problem+json,json
"\"Multipart/Related;boundary=__MIME_boundary20170221_164643_20967__;type=\"\"application/xop+xml\"\";start=\"\"<soap@soap>\"\";start-in\"",xml
application/x-javascript; charset=gb2312,javascript
image/jpeg; name=salonmajoire_rect_170216.jpg,image
application/javascripttext/javascript; charset=UTF-8,text
text/html;charset=GB2312,text
text/JavaScript;charset=utf-8,text
text/javascript; charset=UTF-8,text
application/json,json
"\"Multipart/Related;boundary=__MIME_boundary20170221_162415_16565__;type=\"\"application/xop+xml\"\";start=\"\"<soap@soap>\"\";start-in\"",xml
"\"Multipart/Related;boundary=__MIME_boundary20170221_165451_22561__;type=\"\"application/xop+xml\"\";start=\"\"<soap@soap>\"\";start-in\"",xml
"\"Multipart/Related;boundary=__MIME_boundary20170221_162941_17630__;type=\"\"application/xop+xml\"\";start=\"\"<soap@soap>\"\";start-in\"",xml
"\"Multipart/Related;boundary=__MIME_boundary20170221_162148_16085__;type=\"\"application/xop+xml\"\";start=\"\"<soap@soap>\"\";start-in\"",xml
image/GIF; charset=ISO-8859-1,image
text/plainapplication/x-ns-proxy-autoconfig,text
text/html; charset=ANSI_X3.4-1968,html
image/jpeg; name=bootdoctors_300x250_170216.jpg,image
text/html; charset=euc-kr,html
text/html; charset=GB2312,text
application/json; encoding=UTF-8; charset=utf-8,json
"\"Multipart/Related;boundary=__MIME_boundary20170221_164719_21085__;type=\"\"application/xop+xml\"\";start=\"\"<soap@soap>\"\";start-in\"",xml
"\"Multipart/Related;boundary=__MIME_boundary20170221_162658_17097__;type=\"\"application/xop+xml\"\";start=\"\"<soap@soap>\"\";start-in\"",xml
"\"Multipart/Related;boundary=__MIME_boundary20170221_165330_22296__;type=\"\"application/xop+xml\"\";start=\"\"<soap@soap>\"\";start-in\"",xml
"\"Multipart/Related;boundary=__MIME_boundary20170221_164238_20167__;type=\"\"application/xop+xml\"\";start=\"\"<soap@soap>\"\";start-in\"",xml
"\"Multipart/Related;boundary=__MIME_boundary20170221_163400_18475__;type=\"\"application/xop+xml\"\";start=\"\"<soap@soap>\"\";start-in\"",xml
text/html; charset=utf-8;,html
image/jpeg; name=c21_300x250_170216.jpg,image
image/jpeg; name=salonx_300x250_170216.jpg,image
text/html;charset=GB2312,html
text/html; charse,text
application/json;charset=ISO-8859-1,json
image/jpeg; charset=binary,image
text/html; charset=windows-1252,html
application/jsonapplication/json,json
"audio/mpeg,application/octet-stream",octet-stream
"\"Multipart/Related;boundary=__MIME_boundary20170221_161637_15069__;type=\"\"application/xop+xml\"\";start=\"\"<soap@soap>\"\";start-in\"",xml
"\"Multipart/Related;boundary=__MIME_boundary20170221_163834_19370__;type=\"\"application/xop+xml\"\";start=\"\"<soap@soap>\"\";start-in\"",xml
"\"multipart/related; type=\"\"application/xop+xml\"\";start=\"\"<http://tempuri.org/0>\"\";boundary=\"\"uuid:3b652ac6-4066-4bf0-90f3-5efa\"",multipart
application/javascript; charset=utf8,javascript
application/x-javascript; charset=Shift_JIS,javascript
text/css;charset=utf-8,text
image/png; charset=,image
application/octet-streamimage/jpeg,image
jpeg,image
application/hal+json;charset=UTF-8,json
"\"Multipart/Related;boundary=__MIME_boundary20170221_160128_12101__;type=\"\"application/xop+xml\"\";start=\"\"<soap@soap>\"\";start-in\"",xml
"\"Multipart/Related;boundary=__MIME_boundary20170221_164521_20699__;type=\"\"application/xop+xml\"\";start=\"\"<soap@soap>\"\";start-in\"",xml
application/xml; utf-8,xml
application/x-javascript; charset=utf-16,javascript
text/calendar; charset=iso-8859-1,text
image/x-icon;charset=utf-8,image
text/html; Charset=UTF-8;charset=UTF-8,text
text/html;charset=ascii,html
"\"application/json; charset=\"\"utf-8\"\"\"",json
application/json;,json
image/svg+xml; charset=us-ascii,image
text/css;X-Content-Type-Options: nosniff;,text
text/ping,text
"\"Multipart/Related;boundary=__MIME_boundary20170221_161622_15020__;type=\"\"application/xop+xml\"\";start=\"\"<soap@soap>\"\";start-in\"",xml
"\"Multipart/Related;boundary=__MIME_boundary20170221_160653_13162__;type=\"\"application/xop+xml\"\";start=\"\"<soap@soap>\"\";start-in\"",xml
"\"Multipart/Related;boundary=__MIME_boundary20170221_164855_21398__;type=\"\"application/xop+xml\"\";start=\"\"<soap@soap>\"\";start-in\"",xml
text/html;;charset=utf-8,text
text/json;charset=UTF-8application/json,json
text/html; charset=ISO_8859-1,html
video/ACVS-H264,video
text/calendar;method=request;charset=UTF-8;component=vevent,text
application/octet-streamtext/plain,text
text/html; charset=,text
"\"Multipart/Related;boundary=__MIME_boundary20170221_161607_14971__;type=\"\"application/xop+xml\"\";start=\"\"<soap@soap>\"\";start-in\"",xml
application/rss+xml; charset=UTF-8; filename=content_rss20en_1.xml,xml
text/html; charset=CP1251,text
text/calendar; charset=ISO-8859-1,text
text/xml; charset=iso-8859-1,text
text/html;charset=windows-1252,html
image/JPEG;charset=UTF-8,image
application/vnd.kafka.v1+json,json
application/x-rss+xml,xml
"\"Multipart/Related;boundary=__MIME_boundary20170221_161728_15236__;type=\"\"application/xop+xml\"\";start=\"\"<soap@soap>\"\";start-in\"",xml
application/rss+xml; charset=utf-8,xml
text/css; charset=windows-1252,text
text/html; charset= UTF-8,text
"text/html,application/xhtml+xml,application/xml;q=0.9,*/*;q=0.8",html
application/octet-streamtext/html; charset=ISO-8859-1,html
application/x-javascript; charset=euc-kr,javascript
application/x-javascript; charset=gbk,javascript
text/html;;charset=UTF-8,text
text/vnd.wap.wml; charset=utf-8,text
image/jpeg; name=taoshomes_300x250_170216.jpg,image
text/html; charset= UTF-8,html
"\"Multipart/Related;boundary=__MIME_boundary20170221_165946_23524__;type=\"\"application/xop+xml\"\";start=\"\"<soap@soap>\"\";start-in\"",xml
"\"Multipart/Related;boundary=__MIME_boundary20170221_161850_15504__;type=\"\"application/xop+xml\"\";start=\"\"<soap@soap>\"\";start-in\"",xml
"\"Multipart/Related;boundary=__MIME_boundary20170221_165704_22995__;type=\"\"application/xop+xml\"\";start=\"\"<soap@soap>\"\";start-in\"",xml
images/svg+xml,image
video/MP2T;charset=UTF-8,video
image/jpeg; name=francescas_300x250_170119.jpg,image
text/html; charset=IBM-850,html
application/atom+xml; charset=UTF-8; type=feed,xml
application/multipart-formdata;charset=utf-8,multipart
image/jpeg; name=tsv_300x250_170209.jpg,image
image/gif; Charset=UTF-8,image
text/html; charset=gb2312,html
IMAGE/gif,image
text/html;charset=ISO-8859-15,html
text/js,text
application/vnd.steelhouse-v1.0+json,json
text/css;charset=GBK,text
text/text,text
text/ecmascript,text
text/html; charset=koi8-r,text
"\"Multipart/Related;boundary=__MIME_boundary20170221_162728_17195__;type=\"\"application/xop+xml\"\";start=\"\"<soap@soap>\"\";start-in\"",xml
"\"Multipart/Related;boundary=__MIME_boundary20170221_164208_20069__;type=\"\"application/xop+xml\"\";start=\"\"<soap@soap>\"\";start-in\"",xml
"\"Multipart/Related;boundary=__MIME_boundary20170221_163102_17894__;type=\"\"application/xop+xml\"\";start=\"\"<soap@soap>\"\";start-in\"",xml
application/javascript; charset=iso-8859-1,javascript
application/text;charset=utf-8,text
image/GIF;charset=UTF-8,image
text/html;charset=GBK,text
plain/text; charset=UTF-8,text
image/x-ms-bmp,image
image/jpeg; ISO-8859-1,image
image/com/DNg8fdN30ix88-jR5vc2GEzrNVx9oXv4mT7Cwb7g5e8l9SC4_aqCLaKSxqY9EsBqTC8=w300,image
text/html; charset=ISO-8859-1,text
text/xml;charset=U,text
text/plaintext/plain,text
text/css; charset=UTF-8; charset=UTF-8,text
image/jpegtext/html; charset=UTF-8,image
image/png; qs=0.7,image
image/jpeg; name=jpass_furp_300x250.jpg,image
image/gif;charset=iso-8859-1,image
image/png,image
text/html; charset=uft-8,html
application/json;charset=UTF-8;charset=utf-8,json
"\"Multipart/Related;boundary=__MIME_boundary20170221_162324_16398__;type=\"\"application/xop+xml\"\";start=\"\"<soap@soap>\"\";start-in\"",xml
"\"Multipart/Related;boundary=__MIME_boundary20170221_163804_19272__;type=\"\"application/xop+xml\"\";start=\"\"<soap@soap>\"\";start-in\"",xml
"\"Multipart/Related;boundary=__MIME_boundary20170221_162132_16033__;type=\"\"application/xop+xml\"\";start=\"\"<soap@soap>\"\";start-in\"",xml
application/octet-stream; name=Volleyball_Girls_Varsity_Schedule.ics,octet-stream
"\"text/javascript; charset=\"\"UTF-8\"\"\"",text
text/jpg,text
image/jpeg; charset=ISO-8859-1,image
text/htmlapplication/json; charset=utf-8,html
text/html;charset=gbk,text
application/json.,json
"\"Multipart/Related;boundary=__MIME_boundary20170221_165840_23308__;type=\"\"application/xop+xml\"\";start=\"\"<soap@soap>\"\";start-in\"",xml
text/event-stream,text
text/html; charset=ISO-8859-1,html
text/javascript; charset=utf-8,text
application/pdf; charset=utf-8,pdf
text/html; charset=windows-1252,text
text/html;,text
text/html; charset=koi8-r,html
image/gif; name=3a.gif,image
application/vnd.ammp.egress.1+json,json
application/json; charset=utf8,json
"\"Multipart/Related;boundary=__MIME_boundary20170221_160319_12463__;type=\"\"application/xop+xml\"\";start=\"\"<soap@soap>\"\";start-in\"",xml
application/vnd.google-earth.kml+xml,xml
text/html;charset=shift-jis,text
plain/text; charset=utf-8,text
"\"text/plain; charset=\"\"utf-8\"\"\"",text
text/plain; charset=UTF-8application/jsonapplication/json,json
"image/webp,*/*;q=0.8",image
"\"text/plain; charset=\"\"windows-1251\"\";\"",text
"\"Multipart/Related;boundary=__MIME_boundary20170221_162743_17244__;type=\"\"application/xop+xml\"\";start=\"\"<soap@soap>\"\";start-in\"",xml
application/javascriptapplication/x-javascript,javascript
text/html; charset=EUC-JP,html
image/jpg;charset=utf-8,image
image/com/suCrM1CICcSD3tUGvVWHoxr1kaFTA609jjcRH3Dm9ThJ8ZUQyhKLI0-BQUOOFbq8PFRR=w300,image
application/json;charset=GBK,json
application/vnd.api+json; charset=utf-8,json
"\"Multipart/Related;boundary=__MIME_boundary20170221_162026_15817__;type=\"\"application/xop+xml\"\";start=\"\"<soap@soap>\"\";start-in\"",xml
"\"Multipart/Related;boundary=__MIME_boundary20170221_165017_21666__;type=\"\"application/xop+xml\"\";start=\"\"<soap@soap>\"\";start-in\"",xml
Image/png,image
text/javascript; charset=UTF-8;,text
text/html; Charset=window-1255,text
text/html; charset=US-ASCII,text
image/svg+xml;charset=UTF-8,image
image/webp,image
"text/html,application/xhtml+xml,application/xml;q=0.9,image/webp,*/*;q=0.8",image
text/fit,text
text/html;charset=utf-8,text
"\"Multipart/Related;boundary=__MIME_boundary20170221_165032_21715__;type=\"\"application/xop+xml\"\";start=\"\"<soap@soap>\"\";start-in\"",xml
"\"Multipart/Related;boundary=__MIME_boundary20170221_161203_14175__;type=\"\"application/xop+xml\"\";start=\"\"<soap@soap>\"\";start-in\"",xml
text/javascript; charset=EUC-JP,text
image/jpeg; name=tca_300x250_170216.jpg,image
text/srt,text
"\"Multipart/Related;boundary=__MIME_boundary20170221_165244_22146__;type=\"\"application/xop+xml\"\";start=\"\"<soap@soap>\"\";start-in\"",xml
application/x-javascript; charset: utf-8,javascript
image/gif; name=ruffstuff.gif,image
text/xml; charset=gbk,text
text/htmltext/plaintext/plaintext/plaintext/plaintext/plain,html
image/gif; name=3a_2.gif,image
text/html; charset=euc-kr,text
text/css; charset=UTF-8;,text
text/bin,text
image,image
text/html;charset=WINDOWS-1252,text
text/html; charset=big5,html
application/pdf; authoritative=true;,pdf
application/octet-streamimage/jpeg,octet-stream
image/jpeg;charset=ISO-8859-1,image
text/htmltext/htmltext/htmltext/htmltext/htmltext/html,text
text/html; charset=windows-1256,html
text/html; charset=windows-1251,html
"\"application/json; charset=\"\"UTF-8\"\"\"",json
application/octet-stream; name=Baseball_Multiple_Levels_Schedule.ics,octet-stream
application/javascript; utf-8,javascript
text/html; charset=sjis,text
text/html;,html
"\"text/javascript; charset=\"\"utf-8\"\"\"",text
text/htmltext/plaintext/plaintext/plaintext/plain,text
image/PNG; charset=utf-8,image
image/BMP,image
application/json;charset=utf8,json
text/htmlapplication/json,json
application/json; charset=us-ascii,json
image/png; charset=utf-8,image
text/htmlapplication/json; charset=utf-8,text
text/x-json,text
text/html;,html
"\"Multipart/Related;boundary=__MIME_boundary20170221_160112_12049__;type=\"\"application/xop+xml\"\";start=\"\"<soap@soap>\"\";start-in\"",xml
"\"Multipart/Related;boundary=__MIME_boundary20170221_163117_17943__;type=\"\"application/xop+xml\"\";start=\"\"<soap@soap>\"\";start-in\"",xml
application/javascript;charset=utf-8,javascript
Image/jpeg,image
text/vnd.wap.wml; charset=UTF-8,text
text/javascript;;charset=UTF-8,text
text/javascript; charset utf8,text
image/jpeg; name=ppcsolar_300x250_170202.jpg,image
application/rss+xml;charset=utf-8,xml
"\"Multipart/Related;boundary=__MIME_boundary20170221_163925_19537__;type=\"\"application/xop+xml\"\";start=\"\"<soap@soap>\"\";start-in\"",xml
image/com/xarfTkFncc3jfzbPN8P9D4WQkpvqzL0DaK4wOCCAd_89Yejibe_G3vV516rr-UkEaxo=w300,image
text/plain;charset=ISO-8859-1,text
"\"text/xml; charset=\"\"utf-8\"\"\"",text
text/html; charset: utf-8,html
video/mp4;charset=UTF-8,video
application/vnd.adobe.adept+xml,xml
application/f4m+xml,xml
"\"multipart/related; type=\"\"application/xop+xml\"\";start=\"\"<http://tempuri.org/0>\"\";boundary=\"\"uuid:374455a9-9313-4d95-b56f-9c21\"",multipart
text/html; charset=ks_c_5601-1987,text
text/html; encoding=utf-8;charset=utf-8,text
application/manifest+json,json
application/vnd.sonymobile.select+app+game+json;charset=UTF-8,json
"\"Multipart/Related;boundary=__MIME_boundary20170221_160516_12845__;type=\"\"application/xop+xml\"\";start=\"\"<soap@soap>\"\";start-in\"",xml
"\"Multipart/Related;boundary=__MIME_boundary20170221_164557_20817__;type=\"\"application/xop+xml\"\";start=\"\"<soap@soap>\"\";start-in\"",xml
application/javascript; Charset=UTF-8,javascript
text/html;charset=Windows-1250,text
image/png; name=screen_shot_2017-01-25_at_5.24.55_pm.png,image
text/cache-manifest;charset=UTF-8,text
image/giftext/html; charset=utf-8,image
image/bmp;charset=UTF-8,image
application/xml,xml
image/wxpc,image
text/ht,text
text/html; charset=iso-8859-9,html
image/png; ISO-8859-1,image
text/css; charset=iso-8859-15,text
"\"application/json; charset=\"\"utf8\"\"\"",json
application/json; charset=UTF-8application/x-www-form-urlencoded; charset=UTF-8,json
"\"Multipart/Related;boundary=__MIME_boundary20170221_162834_17411__;type=\"\"application/xop+xml\"\";start=\"\"<soap@soap>\"\";start-in\"",xml
image/jpeg; name=michaels_kit_300x50.jpg,image
text/html; charset: UTF-8; charset=UTF-8,html
application/json; charset=ISO-8859-1,json
application/octet-streamapplication/octet-stream,octet-stream
"\"Multipart/Related;boundary=__MIME_boundary20170221_161501_14756__;type=\"\"application/xop+xml\"\";start=\"\"<soap@soap>\"\";start-in\"",xml
"\"Multipart/Related;boundary=__MIME_boundary20170221_161445_14704__;type=\"\"application/xop+xml\"\";start=\"\"<soap@soap>\"\";start-in\"",xml
text/xml; Charset=UTF-8,text
image/gif; charset=Shift_JIS,image
application/xhtml+xml;charset=utf-8,html
text/htmltext/htmltext/htmltext/htmltext/htmltext/html,html
application/json; charset=utf-8; charset=utf-8,json
application/x-javascript; charset=utf8,javascript
text/plain; charset=ascii,text
text/plain; charset=utf-8,text
image/gif; charset=binary,image
text/json-comment-filtered;charset=UTF-8,text
gif,image
video/mpeg; charset=utf-8,video
image/gif; name=8_23_300x250_ma_1.gif,image
text/json,text
application/json; charser=utf-8,json
application/json; charset:utf-8,json
"\"Multipart/Related;boundary=__MIME_boundary20170221_162501_16715__;type=\"\"application/xop+xml\"\";start=\"\"<soap@soap>\"\";start-in\"",xml
image/svg+xml; charset=utf-8,image
text/html; charset=utf8-8,text
text/html; Charset=window-1255,html
video/x-ms-wmv,video
text/html; utf-8; charset=utf-8,html
application/vnd.openxmlformats,xml
"\"Multipart/Related;boundary=__MIME_boundary20170221_163011_17728__;type=\"\"application/xop+xml\"\";start=\"\"<soap@soap>\"\";start-in\"",xml
text/html;charset=utf-8; charset: ISO-8859-1,html
text/htmltext/htmltext/htmltext/html,text
text/javascript;charset=utf8,text
"\"Multipart/Related;boundary=__MIME_boundary20170221_165734_23093__;type=\"\"application/xop+xml\"\";start=\"\"<soap@soap>\"\";start-in\"",xml
"\"Multipart/Related;boundary=__MIME_boundary20170221_160831_13482__;type=\"\"application/xop+xml\"\";start=\"\"<soap@soap>\"\";start-in\"",xml
image/x-icon; charset=utf-8,image
text/cache-manifest; charset=UTF-8,text
text/html;charset=EUC-KR,html
application/json; version=0.1,json
application/pdf;charset=UTF-8,pdf
application/octet-stream; charset=binary,octet-stream
application/xhtml+xml; charset=UTF-8,html
text/html; charset=Windows-1252,text
text/html;charset=GB18030,text
application/json; charset=utf-8; =utf-8,json
application/octet-streamapplication/x-javascript,octet-stream
text/json; charset=Utf-8,text
text/json;charset=iso-8859-1,text
text/xml;charset=utf8,text
image/x-icon,image
text/html; charset=utf-8text/html,text
"\"Multipart/Related;boundary=__MIME_boundary20170221_161905_15553__;type=\"\"application/xop+xml\"\";start=\"\"<soap@soap>\"\";start-in\"",xml
"\"Multipart/Related;boundary=__MIME_boundary20170221_163749_19223__;type=\"\"application/xop+xml\"\";start=\"\"<soap@soap>\"\";start-in\"",xml
application/xml; charset=iso-8859-1,xml
"\"multipart/related;type=\"\"application/xop+xml\"\";boundary=\"\"uuid:7812bd89-4a0a-4f06-bac2-37a55877cb34\"\";start=\"\"<root.message@c\"",xml
image/png; Charset=UTF-8,image
image/jpeg;charset=GBK,image
image/jpeg; name=zacattack280x40.jpg,image
multipart/x-mixed-replace;boundary=video boundary,video
application/javascript; charset=GB2312,javascript
application/javascript; Charset=utf-8,javascript
text/html; charset=utf8,html
text/css; charset: utf-8;charset=UTF-8,text
text/css; charset=utf8,text
text/htmltext/plain,html
text/html; charset=iso-8859-15,html
"\"Multipart/Related;boundary=__MIME_boundary20170221_161531_14854__;type=\"\"application/xop+xml\"\";start=\"\"<soap@soap>\"\";start-in\"",xml
text/html;charset=utf-8; charset: ISO-8859-1,text
image/jpeg;charset=utf-8,image
text/html;charset=ascii,text
text/html; charset: utf-8,text
application/vnd.google.gdata.error+xml,xml
text/javascript; charset=windows-1252,text
application/octet-stream; charset=iso-8859-1,octet-stream
"\"Multipart/Related;boundary=__MIME_boundary20170221_163552_18841__;type=\"\"application/xop+xml\"\";start=\"\"<soap@soap>\"\";start-in\"",xml
"\"Multipart/Related;boundary=__MIME_boundary20170221_163940_19586__;type=\"\"application/xop+xml\"\";start=\"\"<soap@soap>\"\";start-in\"",xml
text/html; charset=UTF-7,text
text/html; Charset=EUC-KR,text
image/JPEG; charset=utf-8,image
"\"text/html; charset=\"\"iso-8859-1\"\"\"",html
text/css; charset: UTF-8,text
"text/html,application/xhtml+xml,application/xml;q=0.9,*/*;q=0.8",text
image/x-j2c,image
text/htmltext/htmltext/html,html
"\"Multipart/Related;boundary=__MIME_boundary20170221_160800_13381__;type=\"\"application/xop+xml\"\";start=\"\"<soap@soap>\"\";start-in\"",xml
image/jpeg; Charset=UTF-8,image
text/html; Charset=euc-kr,html
text/html; charset=gbk,html
"\"image/jpeg; name=\"\"image003.jpg\"\"\"",image
text/css,text
application/octet-stream; name=Volleyball_Girls_Sophomore_Schedule.ics,octet-stream
application/rdf+xml,xml
text/plain;charset=US-ASCII,text
text/x-c,text
image/jpeg; name=rishel_angus_banner_2.jpg,image
text/html; charset=iso-8859-1,html
text/html; iso-8859-1=;charset=ISO-8859-1,html
image/x-icon; charset=utf8,image
text/calendar;charset=UTF-8,text
text/plain; charset=utf-16,text
text/plain; charset=ISO-8859-1,text
application/x-msl+json,json
"\"Multipart/Related;boundary=__MIME_boundary20170221_161218_14224__;type=\"\"application/xop+xml\"\";start=\"\"<soap@soap>\"\";start-in\"",xml
application/vnd.hp.cloud.eprint.papi.services.chat.1.1.shortReport+xml,xml
"\"multipart/related; type=\"\"application/xop+xml\"\";start=\"\"<http://tempuri.org/0>\"\";boundary=\"\"uuid:899558f0-a3f7-49f0-aeee-194c\"",multipart
text/html; charset=utf-8application/json; charset=utf-8,text
text/html; charset=us-ascii,html
"\"Multipart/Related;boundary=__MIME_boundary20170221_164628_20918__;type=\"\"application/xop+xml\"\";start=\"\"<soap@soap>\"\";start-in\"",xml
"\"Multipart/Related;boundary=__MIME_boundary20170221_162445_16663__;type=\"\"application/xop+xml\"\";start=\"\"<soap@soap>\"\";start-in\"",xml
image/webp; charset=utf-8,image
image/png; authoritative=true;,image
text/oml; charset=UTF-8,text
text/xml;charset=utf-8,text
text/html; Charset=utf-8,text
text/html; charset=Windows-31J,text
"\"Multipart/Related;boundary=__MIME_boundary20170221_162056_15915__;type=\"\"application/xop+xml\"\";start=\"\"<soap@soap>\"\";start-in\"",xml
image/jpeg; name=puebloballoon_300x250_2.jpg,image
audio/mpegapplication/octet-stream,octet-stream
"\"Multipart/Related;boundary=__MIME_boundary20170221_161920_15602__;type=\"\"application/xop+xml\"\";start=\"\"<soap@soap>\"\";start-in\"",xml
image/jepg,image
"\"text/html; charset=\"\"iso-8859-15\"\"\"",text
image/gif; name=2_7_300x250_1.gif,image
text/html; charset='UTF-8',text
text/html,text
"\"Multipart/Related;boundary=__MIME_boundary20170221_164749_21182__;type=\"\"application/xop+xml\"\";start=\"\"<soap@soap>\"\";start-in\"",xml
application/vnd.microsoft.rtc.autodiscover+xml; v=1,xml
application/javascript;charset=UTF-8,javascript
text/html; charset=ISO-8859-15,html
"\"text/xml; charset=\"\"UTF-8\"\"\"",text
text/x-wiki; charset=UTF-8,text
image/PNG; charset=ISO-8859-1,image
IMAGE/x-png,image
application/octet-stream charset=utf-8,octet-stream
text/html;charset=UTF-8text/html; Charset=UTF-8,text
"\"text/plain; charset=\"\"UTF-8\"\"\"",text
text/json;charset=UTF-8,text
video/x-motion-jpeg,image
text/vtt,text
"text/plain, charset=UTF8",text
text/html; charset=Windows-31J,html
text/comma-separated-values,text
text/x-handlebars-template; charset=UTF-8,text
image/vnd.microsoft.icon;charset=UTF-8,image
text/html;charset=UTF8,html
text/html; charset=IBM-850,text
text/javascript; charset=windows-1251,text
application/octet-stream;charset=gbk,octet-stream
"\"Multipart/Related;boundary=__MIME_boundary20170221_165406_22414__;type=\"\"application/xop+xml\"\";start=\"\"<soap@soap>\"\";start-in\"",xml
images/gif; charset=utf-8,image
text/javascript; charset=Windows-1252,text
"\"text/html; charset=\"\"UTF-8\"\"\"",text
text/plain; charset=,text
text/css; charset=us-ascii,text
application/javascript+jsonp,json
"\"application/pdf;  	name=\"\"Doc Feb 9",pdf
application/soap+xml; charset=utf-8,xml
"\"application/x-javascript;charset=\"\"utf-8\"\"\"",javascript
application/text;charset=UTF-8,text
text/html; charset=,html
text/html;;charset=WINDOWS-1255,html
text/html;charset=gb2312,html
text/xml; charset=GB2312,text
application/json; Charset=UTF-8;,json
image/jpg; charset=utf-8,image
text/javascripttext/javascript,text
video/youtube,video
text/html; charset=euc-jp,text
application/json;  charset=utf-8,json
"\"Multipart/Related;boundary=__MIME_boundary20170221_164117_19902__;type=\"\"application/xop+xml\"\";start=\"\"<soap@soap>\"\";start-in\"",xml
application/x-javascript;charset=utf-8,javascript
text/html;charset=utf-8,html
"video/webm,video/ogg,video/*;q=0.9,application/ogg;q=0.7,audio/*;q=0.6,*/*;q=0.5",video
text/vnd.wap.wml;charset=UTF-8,text
text/css;,text
text/html; charset=windows-1255,html
application/json;; charset=utf-8,json
"\"Multipart/Related;boundary=__MIME_boundary20170221_160921_13646__;type=\"\"application/xop+xml\"\";start=\"\"<soap@soap>\"\";start-in\"",xml
application/x-javascript; charset=UTF-8; charset=UTF-8,javascript
text/html; charse,html
image/UUB Apron1.png;charset=UTF-8,image
text/xml; charset=ks_c_5601-1987,text
text/html;charset=Windows-1252,text
application/encoded-json;charset=utf-8,json
"\"application/javascript; name=\"\"resources\"\"; charset=UTF-8\"",javascript
text/html;charset=ISO-8859-15,text
application/octet-streamtext/plain;charset=utf-8,text
text/html; Charset=iso-8859-1,html
"\"Multipart/Related;boundary=__MIME_boundary20170221_162309_16349__;type=\"\"application/xop+xml\"\";start=\"\"<soap@soap>\"\";start-in\"",xml
"\"Multipart/Related;boundary=__MIME_boundary20170221_163643_19008__;type=\"\"application/xop+xml\"\";start=\"\"<soap@soap>\"\";start-in\"",xml
application/javascript;encoding=UTF-8,javascript
application/x-javascript;charset=ISO-8859-1,javascript
text/plain;charset=windows-1252,text
text/html;charset=shift-jis,html
gif; charset=utf-8,image
image/jpeg; name=taoslandtrust_170202.jpg,image
text/css; charset:utf-8;charset=UTF-8,text
text/javascript; charset=ISO-8859-1,text
"\"Multipart/Related;boundary=__MIME_boundary20170221_160602_12996__;type=\"\"application/xop+xml\"\";start=\"\"<soap@soap>\"\";start-in\"",xml
"\"Multipart/Related;boundary=__MIME_boundary20170221_165557_22776__;type=\"\"application/xop+xml\"\";start=\"\"<soap@soap>\"\";start-in\"",xml
text/vnd.wap.wml;charset=ISO-8859-1,text
image/jpeg; name=riverafuneral_300x50_170126.jpg,image
application/javascript; charset=utf-8; valid=no;,javascript
"image/webp, WEBP, webp",image
image/x-amz-pkmz,image
text/html;;charset=WINDOWS-1255,text
text/html;UTF-8;charset=UTF-8,html
text/html; charset=Windows-1252,html
application/json;odata=verbose;charset=utf-8,json
application/octet-streamtext/xml,octet-stream
application/x-javascript; charset=utf-8,javascript
application/javascript;charset=ISO-8859-1,javascript
image/gifimage/gif,image
"\"text/html; charset=\"\"UTF-8\"\"\"",html
text/html;UTF-8;charset=UTF-8,text
jpg,image
text/javascript; charset=utf-8; charset=utf-8,text
text/html; charset: UTF-8;charset=UTF-8,text
"\"Multipart/Related;boundary=__MIME_boundary20170221_165138_21930__;type=\"\"application/xop+xml\"\";start=\"\"<soap@soap>\"\";start-in\"",xml
"\"Multipart/Related;boundary=__MIME_boundary20170221_162011_15768__;type=\"\"application/xop+xml\"\";start=\"\"<soap@soap>\"\";start-in\"",xml
"\"application/x-javascript; charset=\"\"utf-8\"\"\"",javascript
text/HTML,text
"\"Multipart/Related;boundary=__MIME_boundary20170221_160234_12316__;type=\"\"application/xop+xml\"\";start=\"\"<soap@soap>\"\";start-in\"",xml
application/atom+xml,xml
application/x-suggestions+xml; charset=utf-8,xml
text/csstext/css,text
image/promo,image
image/Gif; charset=utf-8,image
IMAGE/jpeg,image
text/htmltext/htmltext/htmltext/htmltext/html,html
text/csv,text
text/xml;charset=UTF-8,text
text/html;charset=iso-8859-1,html
"\"Multipart/Related;boundary=__MIME_boundary20170221_161354_14537__;type=\"\"application/xop+xml\"\";start=\"\"<soap@soap>\"\";start-in\"",xml
application/octet-streamapplication/javascript,javascript
image/jpeg; name=jstor_gear_200x198_v2_(1).jpg,image
"\"Multipart/Related;boundary=__MIME_boundary20170221_160355_12581__;type=\"\"application/xop+xml\"\";start=\"\"<soap@soap>\"\";start-in\"",xml
"\"Multipart/Related;boundary=__MIME_boundary20170221_165825_23259__;type=\"\"application/xop+xml\"\";start=\"\"<soap@soap>\"\";start-in\"",xml
application/x-javascriptapplication/x-javascript,javascript
text/html; Charset=EUC-KR,html
text/html;charset=iso-8859-1,text
text/html; charset=ISO-8859-1',html
"text/css,*/*;q=0.1",text
image/PNG,image
image/jpeg; name=riverafuneral_728x90_170209.jpg,image
text/html; charset=UTF-8; Charset=utf-8,html
application/jsonp; charset=utf-8,json
application/vnd.geo+json; charset=utf-8,json
application/json; charset=UTF8,json
application/octet-streamapplication/javascript,octet-stream
text/html; charset=UTF-8;,text
text/javascript; Charset=utf-8,text
text/html; charset=ISO-8859-1;,html
"\"Multipart/Related;boundary=__MIME_boundary20170221_164330_20337__;type=\"\"application/xop+xml\"\";start=\"\"<soap@soap>\"\";start-in\"",xml
image/jpg; charset=UTF-8,image
image/agent,image
text/vbscript,text
text/x-json; charset=UTF-8,text
application/vnd.google.octet-stream-compressible,octet-stream
application/atom+xml; charset=UTF-8; type=entry,xml
"\"Multipart/Related;boundary=__MIME_boundary20170221_161516_14805__;type=\"\"application/xop+xml\"\";start=\"\"<soap@soap>\"\";start-in\"",xml
"\"image/png; charset=\"\"UTF-8\"\"\"",image
text/html; charset=CP1251,html
video/3gpp,video
text/html; charset=EUC_KR,html
text/html; charset,html
text/html; charset=WINDOWS-1252,html
application/octet-streamapplication/json;charset=UTF-8,json
application/vnd.openxmlformats-officedocument.presentationml.presentation,xml
"\"Multipart/Related;boundary=__MIME_boundary20170221_163148_18044__;type=\"\"application/xop+xml\"\";start=\"\"<soap@soap>\"\";start-in\"",xml
application/x-javascript; charset=windows-1251,javascript
"\"application/javascript; charset=\"\"utf-8\"\"\"",javascript
image/jpeg; charset=,image
image/*; charset=utf-8,image
text/html;charset:UTF-8,html
image/x-ico,image
text/xml charset=UTF-8;charset=UTF-8,text
"text/html, application/xhtml+xml, */*",html
application/x-tgif,image
text/javascript;charset=iso-8859-1,text
text/html; Charset=UTF-8,html
text/html; charset=ISO-8859-1;,text
text/html; charset='ASCII',text
text/html; charset='UTF-8',html
application/json;;charset=UTF-8,json
application/pdf; charset=UTF-8,pdf
"\"Multipart/Related;boundary=__MIME_boundary20170221_163910_19488__;type=\"\"application/xop+xml\"\";start=\"\"<soap@soap>\"\";start-in\"",xml
application/json;; charset=UTF-8,json
application/x-json; charset=UTF-8,json
application/x-octet-stream,octet-stream
"\"Multipart/Related;boundary=__MIME_boundary20170221_164223_20118__;type=\"\"application/xop+xml\"\";start=\"\"<soap@soap>\"\";start-in\"",xml
application/vnd.openxmlformats-officedocument.spreadsheetml.sheet,xml
application/vnd.sun.wadl+xml,xml
text/html; ISO-8859-2; charset=ISO-8859-2,html
text/xmltext/xml,text
text/html;charset=euc-kr,html
application/octet-streamtext/plain charset=UTF-8,text
"\"Multipart/Related;boundary=__MIME_boundary20170221_160249_12365__;type=\"\"application/xop+xml\"\";start=\"\"<soap@soap>\"\";start-in\"",xml
text/html; charset=UTF-8;,html
video/f4m,video
text/html; charset: iso-8859-1,html
application/x-amz-json-1.0,json
application/json;charset=utf-8;,json
application/json; ;charset=utf-8,json
"\"Multipart/Related;boundary=__MIME_boundary20170221_160937_13698__;type=\"\"application/xop+xml\"\";start=\"\"<soap@soap>\"\";start-in\"",xml
text;charset=UTF-8,text
image/gif;charset=utf-8,image
text/plain; charset=latin1,text
text/html; charset=windows-1255,text
text/x-cross-domain-policy,text
text/html; Charset=windows-1252,html
video/x-fvm,video
text/html; charset=EUC-KR,text
application/rss+xml;charset=UTF-8,xml
"\"Multipart/Related;boundary=__MIME_boundary20170221_163309_18309__;type=\"\"application/xop+xml\"\";start=\"\"<soap@soap>\"\";start-in\"",xml
image/JPEG,image
text/css;charset=utf8,text
text/html; charset=ANSI_X3.4-1968,text
text/x-cross-domain-policy; charset=UTF-8,text
png,image
image/jpeg;charset=us-ascii,image
text/htmltext/htmltext/htmltext/htmltext/html,text
"text/html,text/plain",html
"\"Multipart/Related;boundary=__MIME_boundary20170221_160638_13113__;type=\"\"application/xop+xml\"\";start=\"\"<soap@soap>\"\";start-in\"",xml
"\"Multipart/Related;boundary=__MIME_boundary20170221_164102_19853__;type=\"\"application/xop+xml\"\";start=\"\"<soap@soap>\"\";start-in\"",xml
"\"Multipart/Related;boundary=__MIME_boundary20170221_160440_12728__;type=\"\"application/xop+xml\"\";start=\"\"<soap@soap>\"\";start-in\"",xml
text/html; charset=iso-8859-2,text
image/GIF; Charset=UTF-8,image
text/html;charset=gbk,html
"\"text/html; charset=\"\"iso-8859-15\"\"\"",html
application/vnd.openxmlformats-officedocument.spreadsheetml.sheet;charset=UTF-8,xml
"\"Multipart/Related;boundary=__MIME_boundary20170221_162339_16447__;type=\"\"application/xop+xml\"\";start=\"\"<soap@soap>\"\";start-in\"",xml
image/jpg,image
text/html; charset=ks_c_5601-1987,html
text/plain; charset=GBK,text
application/xhtml+xml;charset=utf-8,xml
application/rss+xml;charset=ISO-8859-1,xml
application/vnd.openxmlformats-officedocument.wordprocessingml.document,xml
text/htmltext/html;charset=utf8,text
text/ttml,text
image/JPG,image
text/xml; charset=ISO-8859-1,text
text/javascript;charset=ISO-8859-1,text
image/giftext/html; charset=utf-8,text
text/htmlapplication/json; charset=utf-8,json
"\"Multipart/Related;boundary=__MIME_boundary20170221_163415_18524__;type=\"\"application/xop+xml\"\";start=\"\"<soap@soap>\"\";start-in\"",xml
image/jpeg; name=bbbs_300x50_170216.jpg,image
text/plain;charset=UTF-8,text
image/jpeg;,image
image/png; name=nnmg_300x50_170126.png,image
application/json charset=UTF-8,json
"\"Multipart/Related;boundary=__MIME_boundary20170221_160723_13260__;type=\"\"application/xop+xml\"\";start=\"\"<soap@soap>\"\";start-in\"",xml
application/atom+xml; charset=UTF-8,xml
"\"Multipart/Related;boundary=__MIME_boundary20170221_164153_20020__;type=\"\"application/xop+xml\"\";start=\"\"<soap@soap>\"\";start-in\"",xml
application/javascriptapplication/javascript,javascript
text/x-c; charset=utf-8,text
text/html; charset=uft-8,text
image/com/t7ywk790vn-qMe2YIou8Q7PaCko5ytvZxVpeklB2GqbqukPsC2sOJdfTnIrCz9xLMA=w300,image
text/javascript; charset=utf8,text
application/xml; charset=UTF-8,xml
application/xml;charset=us-ascii,xml
application/vnd.syncml+wbxml,xml
text/xml; charset=utf8,text
text/html;Charset=UTF-8,text
Image/x-png;charset=utf-8,image
application/text/xml,text
"\"Multipart/Related;boundary=__MIME_boundary20170221_161758_15334__;type=\"\"application/xop+xml\"\";start=\"\"<soap@soap>\"\";start-in\"",xml
images/gif,image
image/com/upload/wnY9taE8AsaudRIQzed5,image
application/json; charset=utf-8,json
application/xhtml+xml; charset=UTF-8,xml
application/x-javascript-config,javascript
text/javascript;charset=windows-31j,text
textml,text
application/text; charset=utf-8,text
text/calendar,text
text/html; charset=utf-8,text
"application/json,application/json;charset=utf-8",json
application/octet-stream;,octet-stream
"\"Multipart/Related;boundary=__MIME_boundary20170221_164734_21134__;type=\"\"application/xop+xml\"\";start=\"\"<soap@soap>\"\";start-in\"",xml
text/plain; charset=UTF-8application/jsonapplication/json,text
text/html; charset=Shift_JIS,text
text/html;charset=utf-8;,text
application/json;Charset=utf-8,json
"\"Multipart/Related;boundary=__MIME_boundary20170221_165259_22195__;type=\"\"application/xop+xml\"\";start=\"\"<soap@soap>\"\";start-in\"",xml
text/xml; charset=UTF-8,text
text/html;;charset=utf-8,html
text/html;charset=ISO-8859-1,text
"\"Multipart/Related;boundary=__MIME_boundary20170221_163713_19106__;type=\"\"application/xop+xml\"\";start=\"\"<soap@soap>\"\";start-in\"",xml
"\"Multipart/Related;boundary=__MIME_boundary20170221_165613_22828__;type=\"\"application/xop+xml\"\";start=\"\"<soap@soap>\"\";start-in\"",xml
application/javascript; charset=ISO-8859-1;,javascript
text/html; charset=us-ascii,text
"\"text/xml ; charset=\"\"utf-8\"\"\"",text
image/vnd.microsoft.icon,image
application/json; charset=UTF-8;,json
"\"Multipart/Related;boundary=__MIME_boundary20170221_163133_17995__;type=\"\"application/xop+xml\"\";start=\"\"<soap@soap>\"\";start-in\"",xml
application/xml;,xml
application/vnd.ogc.se_xml; charset=UTF-8,xml
text/plain; charset=UTF-8,text
text/html;charset=windows-1252,text
text/html; utf-8=;charset=UTF-8,text
text/html; charset=ISO_8859-1,text
"image/webp,image/*,*/*;q=0.8",image
image/pjpeg,image
application/xhtml+xml; charset=utf-8,html
text/html; charset:utf-8,html
"\"text/xml ; charset=\"\"UTF-8\"\"\"",text
application/json;charset:utf-8,json
"\"Multipart/Related;boundary=__MIME_boundary20170221_161935_15651__;type=\"\"application/xop+xml\"\";start=\"\"<soap@soap>\"\";start-in\"",xml
text/cache-manifest,text
text/html;;charset=UTF-8,html
"\"application/opensearchdescription+xml; charset=\"\"utf-8\"\"\"",xml
text/xml; charset=UTF-8;,text
image/,image
image/x-xbm,image
image/Jpeg,image
image/gif;charset=ISO-8859-1,image
Image/gif,image
text/html; charset='ASCII',html
text/html; charset=latin1,html
"\"Multipart/Related;boundary=__MIME_boundary20170221_162622_16980__;type=\"\"application/xop+xml\"\";start=\"\"<soap@soap>\"\";start-in\"",xml
application/x-javascript; charset=windows-1252,javascript
image\gif,image
application/json; charset=,json
application/javascript; charset=windows-1252,javascript
video/x-msvideo,video
image/jpegtext/html; charset=UTF-8,text
text/html; CHARSET=utf-8,html
"\"Multipart/Related;boundary=__MIME_boundary20170221_161007_13796__;type=\"\"application/xop+xml\"\";start=\"\"<soap@soap>\"\";start-in\"",xml
"\"Multipart/Related;boundary=__MIME_boundary20170221_164451_20601__;type=\"\"application/xop+xml\"\";start=\"\"<soap@soap>\"\";start-in\"",xml
"\"Multipart/Related;boundary=__MIME_boundary20170221_165542_22727__;type=\"\"application/xop+xml\"\";start=\"\"<soap@soap>\"\";start-in\"",xml
application/rss+xml;; charset=utf-8,xml
application/javascript; charset=UTF-8,javascript
text/css; charset=US-ASCII,text
text/xml;charset='utf-8',text
"\"Multipart/Related;boundary=__MIME_boundary20170221_164925_21496__;type=\"\"application/xop+xml\"\";start=\"\"<soap@soap>\"\";start-in\"",xml
application/x-javascript; Charset=UTF-8,javascript
application/octet-streamtext/html; charset=ISO-8859-1,text
application/rss+xml; charset=UTF-8,xml
application/javascripttext/javascript; charset=UTF-8,javascript
text/htmltext/plaintext/plaintext/plaintext/plaintext/plain,text
text/javascript;charset=utf-8,text
text/html; charset=iso8859-1,text
image/jpeg			jpeg,image
text/html; charset=iso-8859-2,html
image/webp;charset=ISO-8859-1,image
image/bmp,image
text/CSS,text
text/css;charset=utf-8; charset=UTF-8,text
application/xhtml+xml,html
application/octet-stream; charset=UTF-8,octet-stream
"\"application/xml; charset=\"\"utf-8\"\"\"",xml
"\"Multipart/Related;boundary=__MIME_boundary20170221_162218_16183__;type=\"\"application/xop+xml\"\";start=\"\"<soap@soap>\"\";start-in\"",xml
text/jpg,image
text/htmlapplication/javascript,text
image/webp;charset=UTF-8,image
text/html; charset: iso-8859-1; charset=utf-8,html
application/json;charset=UTF-8,json
"text/html,application/xhtml+xml,application/xml;q=0.9,image/webp,*/*;q=0.8",xml
image/x-png,image
text/html;cha,text
text/html;charset=Windows-1252,html
Content-type: image/png,image
application/x-suggestions+json;charset=UTF-8,json
application/xml; charset=ISO-8859-1,xml
application/atom+xml; charset=utf-8,xml
"\"Multipart/Related;boundary=__MIME_boundary20170221_162254_16300__;type=\"\"application/xop+xml\"\";start=\"\"<soap@soap>\"\";start-in\"",xml
application/javascript; charset: UTF-8,javascript
text/x-javascript,text
text/html; charset=shift_jis,text
text/html; charset=EUC-KR,html
video/x-mng,video
application/json;charsert=utf-8,json
text/plain;charset=ascii,text
text/html;charset=UTF-8,html
application/html,html
Content-Type: image/gif,image
text/htmltext/htmltext/htmltext/html,html
text/html; charset=Utf-8,text
text/css; charset=ISO-8859-1,text
application/vnd.api+json,json
"application/json; charset=UTF-8\"\"",json
application/json; charset=windows-1251,json
"\"Multipart/Related;boundary=__MIME_boundary20170221_160143_12150__;type=\"\"application/xop+xml\"\";start=\"\"<soap@soap>\"\";start-in\"",xml
application/x-javascript,javascript
image/jpg;charset=UTF-8,image
text/calendar; charset=UTF-8,text
image/png; charset=binary,image
"\"text/plain;charset=\"\"utf-8\"\"\"",text
text/plain;charset=iso-8859-1,text
text/javascript; charset=ANSI_X3.4-1968,text
text/plain; charset=utf8,text
text/plain; charset:utf-8,text
text/x-markdown; charset=utf-8,text
application/x-javascript; charset=iso-8859-1,javascript
video,video
text/plain; charset=iso-8859-1,text
"\"Multipart/Related;boundary=__MIME_boundary20170221_165527_22678__;type=\"\"application/xop+xml\"\";start=\"\"<soap@soap>\"\";start-in\"",xml
application/javascript;charset=iso-8859-1,javascript
text/html; charset=big5,text
text/html; Charset=ISO-8859-1,html
image/gif; charset=utf-8,image
image/gif;,image
text/x-zimbra-delimitted-fields,text
text/html; ISO-8859-1,html
text/html;; charset=ISO-8859-1,html
application-json,json
application/x-json;charset=UTF-8,json
image/jpeg; name=nnmc_300x250_170216.jpg,image
text/html; ISO-8859-1,text
text/html; charset=UTF-8text/html,html
text/html;charset=Shift_JIS,text
text/html; charset=GB18030,text
"text/html, application/xhtml+xml, */*",xml
"\"Multipart/Related;boundary=__MIME_boundary20170221_161324_14439__;type=\"\"application/xop+xml\"\";start=\"\"<soap@soap>\"\";start-in\"",xml
application/vnd.apple.installer+xml,xml
text/css; charset=,text
text/html ; charset=UTF-8,html
"\"Multipart/Related;boundary=__MIME_boundary20170221_164910_21447__;type=\"\"application/xop+xml\"\";start=\"\"<soap@soap>\"\";start-in\"",xml
application/javascript; charset=utf-8,javascript
video/MP2T,video
text/javascript; Charset=UTF-8,text
text/html;charset:UTF-8,text
"\"text/xml; charset=\"\"UTF-16LE\"\"\"",text
text/html; iso-8859-1=;charset=ISO-8859-1,text
video/x-flv,video
Content-type: image/png; charset=utf-8,image
text/html; charset=utf-8text/html,html
text/javascript;charset=UTF-8,text
"\"image/jpeg; name=\"\"IMG_1770.JPG\"\"\"",image
images/jpeg,image
application/jsonp;charset=UTF-8,json
"\"Multipart/Related;boundary=__MIME_boundary20170221_163819_19321__;type=\"\"application/xop+xml\"\";start=\"\"<soap@soap>\"\";start-in\"",xml
"\"Multipart/Related;boundary=__MIME_boundary20170221_162203_16134__;type=\"\"application/xop+xml\"\";start=\"\"<soap@soap>\"\";start-in\"",xml
"\"Multipart/Related;boundary=__MIME_boundary20170221_165719_23044__;type=\"\"application/xop+xml\"\";start=\"\"<soap@soap>\"\";start-in\"",xml
application/x-javascript; charset=utf-8;,javascript
image/png; mode=24bit,image
text/x-vcard,text
text/html; charset=Shift_JIS,html
text/html;Charset=UTF-8,html
text/html; charset=WINDOWS-1252,text
text/javascript; charset: utf-8,text
text/html; charset: iso-8859-1,text
"\"application/rss+xml; charset=\"\"UTF-8\"\"\"",xml
text/plain; charset=us-ascii,text
"text/html,text/plain",text
text/xml; Charset=utf-8,text
text/html; charset=gb2312,html
text/htmltext/html,html
image/x-icon; charset=UTF-8,image
text/html; charset=utf-8;,text
text/html; charset=ISO-8859,text
application/xml;charset=utf-8,xml
"\"Multipart/Related;boundary=__MIME_boundary20170221_165001_21614__;type=\"\"application/xop+xml\"\";start=\"\"<soap@soap>\"\";start-in\"",xml
text/html;charset=Windows-31J,text
text/html; charset=UTF-8; Charset=utf-8,text
application/json+oembed,json
image/jpeg; name=taosliving_300x250_170202.jpg,image
image/svg,image
image/gif;charset=UTF-8,image
"\"Multipart/Related;boundary=__MIME_boundary20170221_162819_17362__;type=\"\"application/xop+xml\"\";start=\"\"<soap@soap>\"\";start-in\"",xml
"\"Multipart/Related;boundary=__MIME_boundary20170221_161248_14322__;type=\"\"application/xop+xml\"\";start=\"\"<soap@soap>\"\";start-in\"",xml
text/plain; charset: iso-8859-1; charset=UTF-8,text
image/text,text
text/html;charset=ISO_8859-1,text
text/html; charset=gbk,text
text/javascript;,text
text/html;charset=EUC-KR,text
application/vnd.api+json;com.liftopia.services.version=1.0; charset=utf-8,json
"\"multipart/related;type=\"\"application/xop+xml\"\";boundary=\"\"uuid:7812bd89-4a0a-4f06-bac2-37a55877cb34\"\";start=\"\"<root.message@c\"",multipart
image/gif; charset=ISO-8859-1,image
image/GIF,image
image/jpeg; name=august-2015-jstor_mobile640x323.jpg,image
text/html; charset,text
application/json; charset=utf-8application/json; charset=utf-8,json
application/ttml+xml,xml
